{
    "$schema": "http://json-schema.org/draft-07/schema#",
    "title": "SurveyJS Library json schema",
    "type": "object",
    "properties": {
        "pages": {
            "type": "array",
            "items": {
                "$href": "#page"
            }
        },
        "showBrandInfo": {
            "type": "boolean"
        },
        "triggers": {
            "type": "array",
            "items": [
                {
                    "$href": "#visibletrigger"
                },
                {
                    "$href": "#completetrigger"
                },
                {
                    "$href": "#setvaluetrigger"
                },
                {
                    "$href": "#skiptrigger"
                },
                {
                    "$href": "#runexpressiontrigger"
                },
                {
                    "$href": "#copyvaluetrigger"
                }
            ]
        },
        "calculatedValues": {
            "type": "array",
            "items": {
                "$href": "#calculatedvalue"
            }
        },
        "surveyId": {
            "type": "string"
        },
        "surveyPostId": {
            "type": "string"
        },
        "cookieName": {
            "type": "string"
        },
        "sendResultOnPageNext": {
            "type": "boolean"
        },
        "surveyShowDataSaving": {
            "type": "boolean"
        },
        "focusFirstQuestionAutomatic": {
            "type": "boolean"
        },
        "focusOnFirstError": {
            "type": "boolean"
        },
        "showNavigationButtons": {
            "type": [
                "string",
                "numeric",
                "boolean"
            ],
            "enum": [
                "none",
                "top",
                "bottom",
                "both"
            ]
        },
        "showPrevButton": {
            "type": "boolean"
        },
        "showTitle": {
            "type": "boolean"
        },
        "showPageTitles": {
            "type": "boolean"
        },
        "showCompletedPage": {
            "type": "boolean"
        },
        "navigateToUrl": {
            "type": "string"
        },
        "navigateToUrlOnCondition": {
            "type": "array",
            "items": {
                "$href": "#urlconditionitem"
            }
        },
        "requiredText": {
            "type": "string"
        },
        "questionStartIndex": {
            "type": "string"
        },
        "storeOthersAsComment": {
            "type": "boolean"
        },
        "maxTextLength": {
            "type": "number"
        },
        "maxOthersLength": {
            "type": "number"
        },
        "goNextPageAutomatic": {
            "type": [
                "boolean",
                "string"
            ]
        },
        "checkErrorsMode": {
            "type": "string",
            "enum": [
                "onNextPage",
                "onValueChanged",
                "onValueChanging",
                "onComplete"
            ]
        },
        "autoGrowComment": {
            "type": "boolean"
        },
        "textUpdateMode": {
            "type": "string",
            "enum": [
                "onBlur",
                "onTyping"
            ]
        },
        "clearInvisibleValues": {
            "type": [
                "string",
                "numeric",
                "boolean"
            ],
            "enum": [
                "none",
                "onComplete",
                "onHidden",
                "onHiddenContainer"
            ]
        },
        "locale": {
            "type": "string",
            "enum": [
                "",
                "id",
                "ca",
                "cy",
                "da",
                "de",
                "et",
                "es",
                "eu",
                "fr",
                "hi",
                "hr",
                "it",
                "kk",
                "lv",
                "lt",
                "hu",
                "ms",
                "nl",
                "no",
                "pl",
                "pt",
                "pt-br",
                "ro",
                "sk",
                "rs",
                "fi",
                "sv",
                "sw",
                "tel",
                "tr",
                "vi",
                "nl-BE",
                "is",
                "cs",
                "gr",
                "bg",
                "mk",
                "ru",
                "tg",
                "ua",
                "he",
                "ar",
                "fa",
                "th",
                "ka",
                "ja",
                "zh-cn",
                "zh-tw",
                "ko"
            ]
        },
        "logo": {
            "type": "string"
        },
        "logoWidth": {
            "type": [
                "string",
                "numeric",
                "boolean"
            ]
        },
        "logoHeight": {
            "type": [
                "string",
                "numeric",
                "boolean"
            ]
        },
        "logoPosition": {
            "type": "string",
            "enum": [
                "none",
                "left",
                "right",
                "top",
                "bottom"
            ]
        },
        "logoFit": {
            "type": "string",
            "enum": [
                "none",
                "contain",
                "cover",
                "fill"
            ]
        },
        "completedHtml": {
            "type": "string"
        },
        "completedHtmlOnCondition": {
            "type": "array",
            "items": {
                "$href": "#htmlconditionitem"
            }
        },
        "completedBeforeHtml": {
            "type": "string"
        },
        "loadingHtml": {
            "type": "string"
        },
        "startSurveyText": {
            "type": "string"
        },
        "pagePrevText": {
            "type": "string"
        },
        "pageNextText": {
            "type": "string"
        },
        "completeText": {
            "type": "string"
        },
        "previewText": {
            "type": "string"
        },
        "editText": {
            "type": "string"
        },
        "questionTitlePattern": {
            "type": "string"
        },
        "questionTitleTemplate": {
            "type": "string"
        },
        "showPageNumbers": {
            "type": "boolean"
        },
        "showQuestionNumbers": {
            "type": "string",
            "enum": [
                "on",
                "onPage",
                "off"
            ]
        },
        "showProgressBar": {
            "type": "string",
            "enum": [
                "off",
                "top",
                "bottom",
                "both"
            ]
        },
        "progressBarType": {
            "type": "string",
            "enum": [
                "pages",
                "questions",
                "requiredQuestions",
                "correctQuestions",
                "buttons"
            ]
        },
        "questionTitleLocation": {
            "type": "string",
            "enum": [
                "top",
                "bottom",
                "left"
            ]
        },
        "questionErrorLocation": {
            "type": "string",
            "enum": [
                "top",
                "bottom"
            ]
        },
        "questionDescriptionLocation": {
            "type": "string",
            "enum": [
                "underInput",
                "underTitle"
            ]
        },
        "mode": {
            "type": "string",
            "enum": [
                "edit",
                "display"
            ]
        },
        "questionsOrder": {
            "type": "string",
            "enum": [
                "initial",
                "random"
            ]
        },
        "isSinglePage": {
            "type": "boolean"
        },
        "questionsOnPageMode": {
            "type": "string",
            "enum": [
                "singlePage",
                "standard",
                "questionPerPage"
            ]
        },
        "firstPageIsStarted": {
            "type": "boolean"
        },
        "showPreviewBeforeComplete": {
            "type": "string",
            "enum": [
                "noPreview",
                "showAllQuestions",
                "showAnsweredQuestions"
            ]
        },
        "showTimerPanel": {
            "type": "string",
            "enum": [
                "none",
                "top",
                "bottom"
            ]
        },
        "showTimerPanelMode": {
            "type": "string",
            "enum": [
                "all",
                "page",
                "survey"
            ]
        },
        "widthMode": {
            "type": "string",
            "enum": [
                "auto",
                "static",
                "responsive"
            ]
        },
        "width": {
            "type": "string"
        },
        "maxTimeToFinish": {
            "type": "number"
        },
        "maxTimeToFinishPage": {
            "type": "number"
        }
    },
    "definitions": {
        "page": {
            "$id": "#page",
            "type": "object",
            "allOff": [
                {
                    "$ref": "#panelbase"
                },
                {
                    "properties": {
                        "navigationTitle": {
                            "type": "string"
                        },
                        "navigationDescription": {
                            "type": "string"
                        },
                        "navigationButtonsVisibility": {
                            "type": "string",
                            "enum": [
                                "inherit",
                                "show",
                                "hide"
                            ]
                        },
                        "maxTimeToFinish": {
                            "type": "number"
                        }
                    }
                }
            ]
        },
        "panelbase": {
            "$id": "#panelbase",
            "type": "object",
            "properties": {
                "questionsOrder": {
                    "type": "string",
                    "enum": [
                        "default",
                        "initial",
                        "random"
                    ]
                },
                "visibleIf": {
                    "type": "string"
                },
                "elements": {
                    "type": "array",
                    "items": [
                        {
                            "$href": "#page"
                        },
                        {
                            "$href": "#flowpanel"
                        },
                        {
                            "$href": "#tagbox"
                        },
                        {
                            "$href": "#ranking"
                        },
                        {
                            "$href": "#imagepicker"
                        },
                        {
                            "$href": "#radiogroup"
                        },
                        {
                            "$href": "#buttongroup"
                        },
                        {
                            "$href": "#dropdown"
                        },
                        {
                            "$href": "#paneldynamic"
                        },
                        {
                            "$href": "#matrixdynamic"
                        },
                        {
                            "$href": "#matrixdropdown"
                        },
                        {
                            "$href": "#matrix"
                        },
                        {
                            "$href": "#expression"
                        },
                        {
                            "$href": "#text"
                        },
                        {
                            "$href": "#comment"
                        },
                        {
                            "$href": "#multipletext"
                        },
                        {
                            "$href": "#html"
                        },
                        {
                            "$href": "#image"
                        },
                        {
                            "$href": "#empty"
                        },
                        {
                            "$href": "#file"
                        },
                        {
                            "$href": "#rating"
                        },
                        {
                            "$href": "#boolean"
                        },
                        {
                            "$href": "#signaturepad"
                        }
                    ]
                },
                "requiredIf": {
                    "type": "string"
                },
                "questionTitleLocation": {
                    "type": "string",
                    "enum": [
                        "default",
                        "top",
                        "bottom",
                        "left",
                        "hidden"
                    ]
                },
                "visible": {
                    "type": "boolean"
                },
                "enableIf": {
                    "type": "string"
                }
            }
        },
        "question": {
            "$id": "#question",
            "type": "object",
            "properties": {
                "valueName": {
                    "type": "string"
                },
                "page": {
                    "type": "IPage"
                },
                "visible": {
                    "type": "boolean"
                },
                "useDisplayValuesInDynamicTexts": {
                    "type": "boolean"
                },
                "visibleIf": {
                    "type": "string"
                },
                "hideNumber": {
                    "type": "boolean"
                },
                "titleLocation": {
                    "type": "string",
                    "enum": [
                        "default",
                        "top",
                        "bottom",
                        "left",
                        "hidden"
                    ]
                },
                "descriptionLocation": {
                    "type": "string",
                    "enum": [
                        "default",
                        "underInput",
                        "underTitle"
                    ]
                },
                "requiredErrorText": {
                    "type": "string"
                },
                "startWithNewLine": {
                    "type": "boolean"
                },
                "isRequired": {
                    "type": "boolean"
                },
                "requiredIf": {
                    "type": "string"
                },
                "showCommentArea": {
                    "type": "boolean"
                },
                "enableIf": {
                    "type": "string"
                },
                "clearIfInvisible": {
                    "type": "string",
                    "enum": [
                        "default",
                        "none",
                        "onComplete",
                        "onHidden"
                    ]
                },
                "defaultValue": {
                    "type": [
                        "string",
                        "numeric",
                        "boolean"
                    ]
                },
                "defaultValueExpression": {
                    "type": [
                        "string",
                        "numeric",
                        "boolean"
                    ]
                },
                "correctAnswer": {
                    "type": [
                        "string",
                        "numeric",
                        "boolean"
                    ]
                },
                "validators": {
                    "type": "array",
                    "items": [
                        {
                            "$href": "#numericvalidator"
                        },
                        {
                            "$href": "#textvalidator"
                        },
                        {
                            "$href": "#answercountvalidator"
                        },
                        {
                            "$href": "#regexvalidator"
                        },
                        {
                            "$href": "#emailvalidator"
                        },
                        {
                            "$href": "#expressionvalidator"
                        }
                    ]
                },
                "renderAs": {
                    "type": "string"
                }
            }
        },
        "numericvalidator": {
            "$id": "#numericvalidator",
            "type": "object",
            "properties": {
                "minValue": {
                    "type": "number"
                },
                "maxValue": {
                    "type": "number"
                }
            }
        },
        "textvalidator": {
            "$id": "#textvalidator",
            "type": "object",
            "properties": {
                "minLength": {
                    "type": "number"
                },
                "maxLength": {
                    "type": "number"
                },
                "allowDigits": {
                    "type": "boolean"
                }
            }
        },
        "answercountvalidator": {
            "$id": "#answercountvalidator",
            "type": "object",
            "properties": {
                "minCount": {
                    "type": "number"
                },
                "maxCount": {
                    "type": "number"
                }
            }
        },
        "regexvalidator": {
            "$id": "#regexvalidator",
            "type": "object",
            "properties": {
                "regex": {
                    "type": "string"
                }
            }
        },
        "expressionvalidator": {
            "$id": "#expressionvalidator",
            "type": "object",
            "properties": {
                "expression": {
                    "type": "string"
                }
            }
        },
        "selectbase": {
            "$id": "#selectbase",
            "type": "object",
            "allOff": [
                {
                    "$ref": "#question"
                },
                {
                    "properties": {
                        "showNoneItem": {
                            "type": "boolean"
                        },
                        "noneText": {
                            "type": "string"
                        },
                        "choicesVisibleIf": {
                            "type": "string"
                        },
                        "choicesEnableIf": {
                            "type": "string"
                        },
                        "choicesByUrl": {
                            "type": {
                                "$href": "#undefined"
                            }
                        },
                        "choices": {
                            "type": "array",
                            "items": "any"
                        },
                        "choicesFromQuestion": {
                            "type": "string"
                        },
                        "choicesFromQuestionMode": {
                            "type": "string",
                            "enum": [
                                "all",
                                "selected",
                                "unselected"
                            ]
                        },
                        "hideIfChoicesEmpty": {
                            "type": "boolean"
                        },
                        "storeOthersAsComment": {
                            "type": [
                                "string",
                                "numeric",
                                "boolean"
                            ],
                            "enum": [
                                "default",
                                true,
                                false
                            ]
                        },
                        "choicesOrder": {
                            "type": "string",
                            "enum": [
                                "none",
                                "asc",
                                "desc",
                                "random"
                            ]
                        },
                        "otherText": {
                            "type": "string"
                        },
                        "separateSpecialChoices": {
                            "type": "boolean"
                        },
                        "otherPlaceholder": {
                            "type": "string"
                        },
                        "otherErrorText": {
                            "type": "string"
                        }
                    }
                }
            ]
        },
        "choicesByUrl": {
            "$id": "#choicesByUrl",
            "type": "object",
            "properties": {
                "url": {
                    "type": "string"
                },
                "path": {
                    "type": "string"
                },
                "valueName": {
                    "type": "string"
                },
                "titleName": {
                    "type": "string"
                },
                "imageLinkName": {
                    "type": "string"
                },
                "allowEmptyResponse": {
                    "type": "boolean"
                },
                "attachOriginalItems": {
                    "type": "boolean"
                }
            }
        },
        "visibletrigger": {
            "$id": "#visibletrigger",
            "type": "object",
            "properties": {
                "pages": {
                    "type": "array",
                    "items": "string"
                },
                "questions": {
                    "type": "array",
                    "items": "string"
                }
            }
        },
        "setvaluetrigger": {
            "$id": "#setvaluetrigger",
            "type": "object",
            "properties": {
                "setToName": {
                    "type": "string"
                },
                "setValue": {
                    "type": [
                        "string",
                        "numeric",
                        "boolean"
                    ]
                },
                "isVariable": {
                    "type": "boolean"
                }
            }
        },
        "skiptrigger": {
            "$id": "#skiptrigger",
            "type": "object",
            "properties": {
                "gotoName": {
                    "type": "string"
                }
            }
        },
        "runexpressiontrigger": {
            "$id": "#runexpressiontrigger",
            "type": "object",
            "properties": {
                "setToName": {
                    "type": "string"
                },
                "runExpression": {
                    "type": "string"
                }
            }
        },
        "copyvaluetrigger": {
            "$id": "#copyvaluetrigger",
            "type": "object",
            "properties": {
                "setToName": {
                    "type": "string"
                },
                "fromName": {
                    "type": "string"
                }
            }
        },
        "calculatedvalue": {
            "$id": "#calculatedvalue",
            "type": "object",
            "properties": {
                "name": {
                    "type": "string"
                },
                "includeIntoResult": {
                    "type": "boolean"
                },
                "expression": {
                    "type": "string"
                }
            }
        },
        "expressionitem": {
            "$id": "#expressionitem",
            "type": "object",
            "properties": {
                "expression": {
                    "type": "string"
                }
            }
        },
        "htmlconditionitem": {
            "$id": "#htmlconditionitem",
            "type": "object",
            "allOff": [
                {
                    "$ref": "#expressionitem"
                },
                {
                    "properties": {
                        "html": {
                            "type": "string"
                        }
                    }
                }
            ]
        },
        "urlconditionitem": {
            "$id": "#urlconditionitem",
            "type": "object",
            "allOff": [
                {
                    "$ref": "#expressionitem"
                },
                {
                    "properties": {
                        "url": {
                            "type": "string"
                        }
                    }
                }
            ]
        },
        "checkbox": {
            "$id": "#checkbox",
            "type": "object",
            "properties": {
                "valuePropertyName": {
                    "type": "string"
                },
                "selectAllText": {
                    "type": "string"
                },
                "showSelectAllItem": {
                    "type": "boolean"
                },
                "maxSelectedChoices": {
                    "type": "number"
                }
            }
        },
        "tagbox": {
            "$id": "#tagbox",
            "type": "object",
            "allOff": [
                {
                    "$ref": "#checkbox"
                },
                {
                    "properties": {
                        "allowClear": {
                            "type": "boolean"
                        },
                        "searchEnabled": {
                            "type": "boolean"
                        },
                        "hideSelectedItems": {
                            "type": "boolean"
                        },
                        "choicesLazyLoadEnabled": {
                            "type": "boolean"
                        },
                        "choicesLazyLoadPageSize": {
                            "type": "number"
                        },
                        "placeholder": {
                            "type": "string"
                        }
                    }
                }
            ]
        },
        "ranking": {
            "$id": "#ranking",
            "type": "object",
            "allOff": [
                {
                    "$ref": "#checkbox"
                },
                {
                    "properties": {
                        "longTap": {
                            "type": "boolean"
                        }
                    }
                }
            ]
        },
        "imagepicker": {
            "$id": "#imagepicker",
            "type": "object",
            "properties": {
                "multiSelect": {
                    "type": "boolean"
                },
                "showLabel": {
                    "type": "boolean"
                },
                "imageHeight": {
                    "type": "number"
                },
                "imageWidth": {
                    "type": "number"
                },
                "imageFit": {
                    "type": "string",
                    "enum": [
                        "none",
                        "contain",
                        "cover",
                        "fill"
                    ]
                },
                "contentMode": {
                    "type": "string",
                    "enum": [
                        "image",
                        "video"
                    ]
                },
                "maxImageWidth": {
                    "type": "number"
                },
                "minImageWidth": {
                    "type": "number"
                },
                "maxImageHeight": {
                    "type": "number"
                },
                "minImageHeight": {
                    "type": "number"
                }
            }
        },
        "radiogroup": {
            "$id": "#radiogroup",
            "type": "object",
            "properties": {
                "showClearButton": {
                    "type": "boolean"
                }
            }
        },
        "dropdown": {
            "$id": "#dropdown",
            "type": "object",
            "allOff": [
                {
                    "$ref": "#selectbase"
                },
                {
                    "properties": {
                        "placeholder": {
                            "type": "string"
                        },
                        "choicesMin": {
                            "type": "number"
                        },
                        "choicesMax": {
                            "type": "number"
                        },
                        "choicesStep": {
                            "type": "number"
                        },
                        "autocomplete": {
                            "type": "string",
                            "enum": [
                                "name",
                                "honorific-prefix",
                                "given-name",
                                "additional-name",
                                "family-name",
                                "honorific-suffix",
                                "nickname",
                                "organization-title",
                                "username",
                                "new-password",
                                "current-password",
                                "organization",
                                "street-address",
                                "address-line1",
                                "address-line2",
                                "address-line3",
                                "address-level4",
                                "address-level3",
                                "address-level2",
                                "address-level1",
                                "country",
                                "country-name",
                                "postal-code",
                                "cc-name",
                                "cc-given-name",
                                "cc-additional-name",
                                "cc-family-name",
                                "cc-number",
                                "cc-exp",
                                "cc-exp-month",
                                "cc-exp-year",
                                "cc-csc",
                                "cc-type",
                                "transaction-currency",
                                "transaction-amount",
                                "language",
                                "bday",
                                "bday-day",
                                "bday-month",
                                "bday-year",
                                "sex",
                                "url",
                                "photo",
                                "tel",
                                "tel-country-code",
                                "tel-national",
                                "tel-area-code",
                                "tel-local",
                                "tel-local-prefix",
                                "tel-local-suffix",
                                "tel-extension",
                                "email",
                                "impp"
                            ]
                        },
                        "allowClear": {
                            "type": "boolean"
                        },
                        "searchEnabled": {
                            "type": "boolean"
                        },
                        "choicesLazyLoadEnabled": {
                            "type": "boolean"
                        },
                        "choicesLazyLoadPageSize": {
                            "type": "number"
                        }
                    }
                }
            ]
        },
        "paneldynamic": {
            "$id": "#paneldynamic",
            "type": "object",
            "allOff": [
                {
                    "$ref": "#question"
                },
                {
                    "properties": {
                        "templateElements": {
                            "type": "array",
                            "items": [
                                {
                                    "$href": "#page"
                                },
                                {
                                    "$href": "#flowpanel"
                                },
                                {
                                    "$href": "#tagbox"
                                },
                                {
                                    "$href": "#ranking"
                                },
                                {
                                    "$href": "#imagepicker"
                                },
                                {
                                    "$href": "#radiogroup"
                                },
                                {
                                    "$href": "#buttongroup"
                                },
                                {
                                    "$href": "#dropdown"
                                },
                                {
                                    "$href": "#paneldynamic"
                                },
                                {
                                    "$href": "#matrixdynamic"
                                },
                                {
                                    "$href": "#matrixdropdown"
                                },
                                {
                                    "$href": "#matrix"
                                },
                                {
                                    "$href": "#expression"
                                },
                                {
                                    "$href": "#text"
                                },
                                {
                                    "$href": "#comment"
                                },
                                {
                                    "$href": "#multipletext"
                                },
                                {
                                    "$href": "#html"
                                },
                                {
                                    "$href": "#image"
                                },
                                {
                                    "$href": "#empty"
                                },
                                {
                                    "$href": "#file"
                                },
                                {
                                    "$href": "#rating"
                                },
                                {
                                    "$href": "#boolean"
                                },
                                {
                                    "$href": "#signaturepad"
                                }
                            ]
                        },
                        "templateTitle": {
                            "type": "string"
                        },
                        "templateDescription": {
                            "type": "string"
                        },
                        "confirmDelete": {
                            "type": "boolean"
                        },
                        "keyName": {
                            "type": "string"
                        },
                        "confirmDeleteText": {
                            "type": "string"
                        },
                        "keyDuplicationError": {
                            "type": "string"
                        },
                        "panelPrevText": {
                            "type": "string"
                        },
                        "panelNextText": {
                            "type": "string"
                        },
                        "panelAddText": {
                            "type": "string"
                        },
                        "panelRemoveText": {
                            "type": "string"
                        },
                        "panelCount": {
                            "type": "number",
                            "enum": [
                                0,
                                1,
                                2,
                                3,
                                4,
                                5,
                                6,
                                7,
                                8,
                                9,
                                10
                            ]
                        },
                        "panelsState": {
                            "type": "string",
                            "enum": [
                                "default",
                                "collapsed",
                                "expanded",
                                "firstExpanded"
                            ]
                        },
                        "minPanelCount": {
                            "type": "number"
                        },
                        "maxPanelCount": {
                            "type": "number"
                        },
                        "allowAddPanel": {
                            "type": "boolean"
                        },
                        "allowRemovePanel": {
                            "type": "boolean"
                        },
                        "templateTitleLocation": {
                            "type": "string",
                            "enum": [
                                "default",
                                "top",
                                "bottom",
                                "left"
                            ]
                        },
                        "showQuestionNumbers": {
                            "type": "string",
                            "enum": [
                                "off",
                                "onPanel",
                                "onSurvey"
                            ]
                        },
                        "panelRemoveButtonLocation": {
                            "type": "string",
                            "enum": [
                                "bottom",
                                "right"
                            ]
                        },
                        "showRangeInProgress": {
                            "type": "boolean"
                        },
                        "renderMode": {
                            "type": "string",
                            "enum": [
                                "list",
                                "progressTop",
                                "progressBottom",
                                "progressTopBottom"
                            ]
                        },
                        "defaultPanelValue": {
                            "type": [
                                "string",
                                "numeric",
                                "boolean"
                            ]
                        },
                        "defaultValueFromLastPanel": {
                            "type": "boolean"
                        },
                        "noEntriesText": {
                            "type": "string"
                        }
                    }
                }
            ]
        },
        "matrixbase": {
            "$id": "#matrixbase",
            "type": "object",
            "allOff": [
                {
                    "$ref": "#question"
                },
                {
                    "properties": {
                        "showHeader": {
                            "type": "boolean"
                        },
                        "rowsVisibleIf": {
                            "type": "string"
                        },
                        "columnsVisibleIf": {
                            "type": "string"
                        },
                        "verticalAlign": {
                            "type": [
                                "boolean",
                                "string"
                            ],
                            "enum": [
                                "top",
                                "middle"
                            ]
                        },
                        "alternateRows": {
                            "type": "boolean"
                        },
                        "columnMinWidth": {
                            "type": "string"
                        }
                    }
                }
            ]
        },
        "matrixdropdownbase": {
            "$id": "#matrixdropdownbase",
            "type": "object",
            "allOff": [
                {
                    "$ref": "#matrixbase"
                },
                {
                    "properties": {
                        "columnLayout": {
                            "type": "string",
                            "enum": [
                                "horizontal",
                                "vertical"
                            ]
                        },
                        "detailPanelMode": {
                            "type": "string",
                            "enum": [
                                "none",
                                "underRow",
                                "underRowSingle"
                            ]
                        },
                        "detailElements": {
                            "type": "array",
                            "items": [
                                {
                                    "$href": "#page"
                                },
                                {
                                    "$href": "#flowpanel"
                                },
                                {
                                    "$href": "#tagbox"
                                },
                                {
                                    "$href": "#ranking"
                                },
                                {
                                    "$href": "#imagepicker"
                                },
                                {
                                    "$href": "#radiogroup"
                                },
                                {
                                    "$href": "#buttongroup"
                                },
                                {
                                    "$href": "#dropdown"
                                },
                                {
                                    "$href": "#paneldynamic"
                                },
                                {
                                    "$href": "#matrixdynamic"
                                },
                                {
                                    "$href": "#matrixdropdown"
                                },
                                {
                                    "$href": "#matrix"
                                },
                                {
                                    "$href": "#expression"
                                },
                                {
                                    "$href": "#text"
                                },
                                {
                                    "$href": "#comment"
                                },
                                {
                                    "$href": "#multipletext"
                                },
                                {
                                    "$href": "#html"
                                },
                                {
                                    "$href": "#image"
                                },
                                {
                                    "$href": "#empty"
                                },
                                {
                                    "$href": "#file"
                                },
                                {
                                    "$href": "#rating"
                                },
                                {
                                    "$href": "#boolean"
                                },
                                {
                                    "$href": "#signaturepad"
                                }
                            ]
                        },
                        "cellType": {
                            "type": "string",
                            "enum": [
                                "dropdown",
                                "checkbox",
                                "radiogroup",
                                "tagbox",
                                "text",
                                "comment",
                                "boolean",
                                "expression",
                                "rating"
                            ]
                        },
                        "columnColCount": {
                            "type": "number",
                            "enum": [
                                0,
                                1,
                                2,
                                3,
                                4
                            ]
                        },
                        "horizontalScroll": {
                            "type": "boolean"
                        },
                        "allowAdaptiveActions": {
                            "type": "boolean"
                        },
                        "choices": {
                            "type": "array",
                            "items": "any"
                        },
                        "placeholder": {
                            "type": "string"
                        },
                        "keyDuplicationError": {
                            "type": "string"
                        }
                    }
                }
            ]
        },
        "matrixdynamic": {
            "$id": "#matrixdynamic",
            "type": "object",
            "allOff": [
                {
                    "$ref": "#matrixdropdownbase"
                },
                {
                    "properties": {
                        "confirmDelete": {
                            "type": "boolean"
                        },
                        "keyName": {
                            "type": "string"
                        },
                        "defaultRowValue": {
                            "type": [
                                "string",
                                "numeric",
                                "boolean"
                            ]
                        },
                        "defaultValueFromLastRow": {
                            "type": "boolean"
                        },
                        "rowCount": {
                            "type": "number"
                        },
                        "allowRowsDragAndDrop": {
                            "type": "boolean"
                        },
                        "minRowCount": {
                            "type": "number"
                        },
                        "maxRowCount": {
                            "type": "number"
                        },
                        "allowAddRows": {
                            "type": "boolean"
                        },
                        "allowRemoveRows": {
                            "type": "boolean"
                        },
                        "detailPanelShowOnAdding": {
                            "type": "boolean"
                        },
                        "confirmDeleteText": {
                            "type": "string"
                        },
                        "addRowText": {
                            "type": "string"
                        },
                        "addRowLocation": {
                            "type": "string",
                            "enum": [
                                "default",
                                "top",
                                "bottom",
                                "topBottom"
                            ]
                        },
                        "hideColumnsIfEmpty": {
                            "type": "boolean"
                        },
                        "removeRowText": {
                            "type": "string"
                        },
                        "emptyRowsText": {
                            "type": "string"
                        }
                    }
                }
            ]
        },
        "matrixdropdown": {
            "$id": "#matrixdropdown",
            "type": "object",
            "allOff": [
                {
                    "$ref": "#matrixdropdownbase"
                },
                {
                    "properties": {
                        "totalText": {
                            "type": "string"
                        },
                        "hideIfRowsEmpty": {
                            "type": "boolean"
                        }
                    }
                }
            ]
        },
        "matrix": {
            "$id": "#matrix",
            "type": "object",
            "allOff": [
                {
                    "$ref": "#matrixbase"
                },
                {
                    "properties": {
                        "isAllRowRequired": {
                            "type": "boolean"
                        },
                        "rowsOrder": {
                            "type": "string",
                            "enum": [
                                "initial",
                                "random"
                            ]
                        },
                        "hideIfRowsEmpty": {
                            "type": "boolean"
                        },
                        "cells": {
                            "type": "MatrixCells"
                        }
                    }
                }
            ]
        },
        "expression": {
            "$id": "#expression",
            "type": "object",
            "allOff": [
                {
                    "$ref": "#question"
                },
                {
                    "properties": {
                        "format": {
                            "type": "string"
                        },
                        "expression": {
                            "type": "string"
                        },
                        "maximumFractionDigits": {
                            "type": "number"
                        },
                        "minimumFractionDigits": {
                            "type": "number"
                        },
                        "displayStyle": {
                            "type": "string",
                            "enum": [
                                "none",
                                "decimal",
                                "currency",
                                "percent",
                                "date"
                            ]
                        },
                        "currency": {
                            "type": "string",
                            "enum": [
                                "AED",
                                "AFN",
                                "ALL",
                                "AMD",
                                "ANG",
                                "AOA",
                                "ARS",
                                "AUD",
                                "AWG",
                                "AZN",
                                "BAM",
                                "BBD",
                                "BDT",
                                "BGN",
                                "BHD",
                                "BIF",
                                "BMD",
                                "BND",
                                "BOB",
                                "BOV",
                                "BRL",
                                "BSD",
                                "BTN",
                                "BWP",
                                "BYN",
                                "BZD",
                                "CAD",
                                "CDF",
                                "CHE",
                                "CHF",
                                "CHW",
                                "CLF",
                                "CLP",
                                "CNY",
                                "COP",
                                "COU",
                                "CRC",
                                "CUC",
                                "CUP",
                                "CVE",
                                "CZK",
                                "DJF",
                                "DKK",
                                "DOP",
                                "DZD",
                                "EGP",
                                "ERN",
                                "ETB",
                                "EUR",
                                "FJD",
                                "FKP",
                                "GBP",
                                "GEL",
                                "GHS",
                                "GIP",
                                "GMD",
                                "GNF",
                                "GTQ",
                                "GYD",
                                "HKD",
                                "HNL",
                                "HRK",
                                "HTG",
                                "HUF",
                                "IDR",
                                "ILS",
                                "INR",
                                "IQD",
                                "IRR",
                                "ISK",
                                "JMD",
                                "JOD",
                                "JPY",
                                "KES",
                                "KGS",
                                "KHR",
                                "KMF",
                                "KPW",
                                "KRW",
                                "KWD",
                                "KYD",
                                "KZT",
                                "LAK",
                                "LBP",
                                "LKR",
                                "LRD",
                                "LSL",
                                "LYD",
                                "MAD",
                                "MDL",
                                "MGA",
                                "MKD",
                                "MMK",
                                "MNT",
                                "MOP",
                                "MRO",
                                "MUR",
                                "MVR",
                                "MWK",
                                "MXN",
                                "MXV",
                                "MYR",
                                "MZN",
                                "NAD",
                                "NGN",
                                "NIO",
                                "NOK",
                                "NPR",
                                "NZD",
                                "OMR",
                                "PAB",
                                "PEN",
                                "PGK",
                                "PHP",
                                "PKR",
                                "PLN",
                                "PYG",
                                "QAR",
                                "RON",
                                "RSD",
                                "RUB",
                                "RWF",
                                "SAR",
                                "SBD",
                                "SCR",
                                "SDG",
                                "SEK",
                                "SGD",
                                "SHP",
                                "SLL",
                                "SOS",
                                "SRD",
                                "SSP",
                                "STD",
                                "SVC",
                                "SYP",
                                "SZL",
                                "THB",
                                "TJS",
                                "TMT",
                                "TND",
                                "TOP",
                                "TRY",
                                "TTD",
                                "TWD",
                                "TZS",
                                "UAH",
                                "UGX",
                                "USD",
                                "USN",
                                "UYI",
                                "UYU",
                                "UZS",
                                "VEF",
                                "VND",
                                "VUV",
                                "WST",
                                "XAF",
                                "XAG",
                                "XAU",
                                "XBA",
                                "XBB",
                                "XBC",
                                "XBD",
                                "XCD",
                                "XDR",
                                "XOF",
                                "XPD",
                                "XPF",
                                "XPT",
                                "XSU",
                                "XTS",
                                "XUA",
                                "XXX",
                                "YER",
                                "ZAR",
                                "ZMW",
                                "ZWL"
                            ]
                        },
                        "useGrouping": {
                            "type": "boolean"
                        }
                    }
                }
            ]
        },
        "text": {
            "$id": "#text",
            "type": "object",
            "properties": {
                "inputType": {
                    "type": "string",
                    "enum": [
                        "color",
                        "date",
                        "datetime",
                        "datetime-local",
                        "email",
                        "month",
                        "number",
                        "password",
                        "range",
                        "tel",
                        "text",
                        "time",
                        "url",
                        "week"
                    ]
                },
                "size": {
                    "type": "number"
                },
                "autocomplete": {
                    "type": "string",
                    "enum": [
                        "name",
                        "honorific-prefix",
                        "given-name",
                        "additional-name",
                        "family-name",
                        "honorific-suffix",
                        "nickname",
                        "organization-title",
                        "username",
                        "new-password",
                        "current-password",
                        "organization",
                        "street-address",
                        "address-line1",
                        "address-line2",
                        "address-line3",
                        "address-level4",
                        "address-level3",
                        "address-level2",
                        "address-level1",
                        "country",
                        "country-name",
                        "postal-code",
                        "cc-name",
                        "cc-given-name",
                        "cc-additional-name",
                        "cc-family-name",
                        "cc-number",
                        "cc-exp",
                        "cc-exp-month",
                        "cc-exp-year",
                        "cc-csc",
                        "cc-type",
                        "transaction-currency",
                        "transaction-amount",
                        "language",
                        "bday",
                        "bday-day",
                        "bday-month",
                        "bday-year",
                        "sex",
                        "url",
                        "photo",
                        "tel",
                        "tel-country-code",
                        "tel-national",
                        "tel-area-code",
                        "tel-local",
                        "tel-local-prefix",
                        "tel-local-suffix",
                        "tel-extension",
                        "email",
                        "impp"
                    ]
                },
                "min": {
                    "type": "string"
                },
                "max": {
                    "type": "string"
                },
                "minValueExpression": {
                    "type": "string"
                },
                "maxValueExpression": {
                    "type": "string"
                },
                "minErrorText": {
                    "type": "string"
                },
                "maxErrorText": {
                    "type": "string"
                },
                "step": {
                    "type": "string"
                },
                "dataList": {
                    "type": "array",
                    "items": "string"
                }
            }
        },
        "comment": {
            "$id": "#comment",
            "type": "object",
            "properties": {
                "rows": {
                    "type": "number"
                },
                "cols": {
                    "type": "number"
                },
                "acceptCarriageReturn": {
                    "type": "boolean"
                },
                "autoGrow": {
                    "type": "boolean"
                }
            }
        },
        "multipletext": {
            "$id": "#multipletext",
            "type": "object",
            "allOff": [
                {
                    "$ref": "#question"
                },
                {
                    "properties": {
                        "items": {
                            "type": "array",
                            "items": "MultipleTextItemModel"
                        },
                        "colCount": {
                            "type": "number",
                            "enum": [
                                1,
                                2,
                                3,
                                4,
                                5
                            ]
                        },
                        "itemSize": {
                            "type": "number"
                        }
                    }
                }
            ]
        },
        "html": {
            "$id": "#html",
            "type": "object",
            "properties": {
                "html": {
                    "type": "string"
                }
            }
        },
        "image": {
            "$id": "#image",
            "type": "object",
            "properties": {
                "imageLink": {
                    "type": "string"
                },
                "altText": {
                    "type": "string"
                },
                "imageHeight": {
                    "type": "string"
                },
                "imageWidth": {
                    "type": "string"
                },
                "imageFit": {
                    "type": "string",
                    "enum": [
                        "none",
                        "contain",
                        "cover",
                        "fill"
                    ]
                },
                "contentMode": {
                    "type": "string",
                    "enum": [
                        "auto",
                        "image",
                        "video",
                        "youtube"
                    ]
                }
            }
        },
        "file": {
            "$id": "#file",
            "type": "object",
            "allOff": [
                {
                    "$ref": "#question"
                },
                {
                    "properties": {
                        "showPreview": {
                            "type": "boolean"
                        },
                        "allowMultiple": {
                            "type": "boolean"
                        },
                        "imageHeight": {
                            "type": "string"
                        },
                        "imageWidth": {
                            "type": "string"
                        },
                        "acceptedTypes": {
                            "type": "string"
                        },
                        "storeDataAsText": {
                            "type": "boolean"
                        },
                        "waitForUpload": {
                            "type": "boolean"
                        },
                        "allowImagesPreview": {
                            "type": "boolean"
                        },
                        "maxSize": {
                            "type": "number"
                        },
                        "needConfirmRemoveFile": {
                            "type": "boolean"
                        }
                    }
                }
            ]
        },
        "rating": {
            "$id": "#rating",
            "type": "object",
            "allOff": [
                {
                    "$ref": "#question"
                },
                {
                    "properties": {
                        "rateValues": {
                            "type": "array",
                            "items": "any"
                        },
                        "rateMin": {
                            "type": "number"
                        },
                        "rateMax": {
                            "type": "number"
                        },
                        "rateStep": {
                            "type": "number"
                        },
                        "minRateDescription": {
                            "type": "string"
                        },
                        "maxRateDescription": {
                            "type": "string"
                        },
                        "displayRateDescriptionsAsExtremeItems": {
                            "type": "boolean"
                        },
                        "displayMode": {
                            "type": [
                                "boolean",
                                "string"
                            ],
                            "enum": [
                                "auto",
                                "buttons",
                                "dropdown"
                            ]
                        }
                    }
                }
            ]
        },
        "boolean": {
            "$id": "#boolean",
            "type": "object",
            "allOff": [
                {
                    "$ref": "#question"
                },
                {
                    "properties": {
                        "defaultValue": {
                            "type": [
                                "string",
                                "numeric",
                                "boolean"
                            ]
                        },
                        "label": {
                            "type": "string"
                        },
                        "labelTrue": {
                            "type": [
                                "string",
                                "numeric",
                                "boolean"
                            ]
                        },
                        "labelFalse": {
                            "type": [
                                "string",
                                "numeric",
                                "boolean"
                            ]
                        },
                        "valueTrue": {
                            "type": [
                                "string",
                                "numeric",
                                "boolean"
                            ]
                        },
                        "valueFalse": {
                            "type": [
                                "string",
                                "numeric",
                                "boolean"
                            ]
                        }
                    }
                }
            ]
        },
        "signaturepad": {
            "$id": "#signaturepad",
            "type": "object",
            "allOff": [
                {
                    "$ref": "#question"
                },
                {
                    "properties": {
                        "dataFormat": {
                            "type": "string",
                            "enum": [
                                {
                                    "value": "",
                                    "text": "PNG"
                                },
                                {
                                    "value": "image/jpeg",
                                    "text": "JPEG"
                                },
                                {
                                    "value": "image/svg+xml",
                                    "text": "SVG"
                                }
                            ]
                        },
                        "signatureWidth": {
                            "type": "number"
                        },
                        "signatureHeight": {
                            "type": "number"
                        },
                        "height": {
                            "type": "number"
                        },
                        "allowClear": {
                            "type": "boolean"
                        },
                        "penColor": {
                            "type": "string"
                        },
                        "backgroundColor": {
                            "type": "string"
                        }
                    }
                }
            ]
        },
        "panel": {
            "$id": "#panel",
            "type": "object",
            "allOff": [
                {
                    "$ref": "#panelbase"
                },
                {
                    "properties": {
                        "page": {
                            "type": "IPage"
                        },
                        "showNumber": {
                            "type": "boolean"
                        },
                        "showQuestionNumbers": {
                            "type": "string",
                            "enum": [
                                "default",
                                "onpanel",
                                "off"
                            ]
                        },
                        "questionStartIndex": {
                            "type": "string"
                        },
                        "innerIndent": {
                            "type": "number",
                            "enum": [
                                0,
                                1,
                                2,
                                3
                            ]
                        },
                        "startWithNewLine": {
                            "type": "boolean"
                        },
                        "allowAdaptiveActions": {
                            "type": "boolean"
                        }
                    }
                }
            ]
        },
        "flowpanel": {
            "$id": "#flowpanel",
            "type": "object",
            "allOff": [
                {
                    "$ref": "#panel"
                },
                {
                    "properties": {
                        "content": {
                            "type": "string"
                        }
                    }
                }
            ]
        }
    }
}